name,label
corn/00000225.jpg,corn
corn/00000132.jpg,corn
corn/00000160.jpg,corn
corn/00000268.jpg,corn
corn/00000186.jpg,corn
corn/00000298.jpg,corn
corn/00000269.jpg,corn
corn/00000043.jpg,corn
corn/00000075.jpg,corn
corn/00000159.jpg,corn
corn/00000184.jpg,corn
corn/00000135.jpg,corn
corn/00000104.jpg,corn
corn/00000001.jpg,corn
corn/00000050.jpg,corn
corn/00000220.jpg,corn
corn/00000097.jpg,corn
corn/00000266.jpg,corn
corn/00000303.jpg,corn
corn/00000293.jpg,corn
corn/00000105.jpg,corn
corn/00000089.jpg,corn
corn/00000284.jpg,corn
corn/00000103.jpg,corn
corn/00000223.jpg,corn
corn/00000147.jpg,corn
corn/00000028.jpg,corn
corn/00000161.jpg,corn
corn/00000157.jpg,corn
corn/00000031.jpg,corn
corn/00000271.jpg,corn
corn/00000140.jpg,corn
corn/00000153.jpg,corn
corn/00000151.jpg,corn
corn/00000172.jpg,corn
corn/00000295.jpg,corn
corn/00000304.jpg,corn
corn/00000136.jpg,corn
corn/00000148.jpg,corn
corn/00000144.jpg,corn
corn/00000154.jpg,corn
corn/00000155.jpg,corn
corn/00000134.jpg,corn
corn/00000021.jpg,corn
corn/00000302.jpg,corn
corn/00000004.jpg,corn
corn/00000272.jpg,corn
corn/00000025.jpg,corn
corn/00000182.jpg,corn
corn/00000039.jpg,corn
corn/00000181.jpg,corn
corn/00000287.jpg,corn
corn/00000307.jpg,corn
corn/00000119.jpg,corn
corn/00000218.jpg,corn
corn/00000090.jpg,corn
corn/00000188.jpg,corn
corn/00000015.jpg,corn
corn/00000253.jpg,corn
corn/00000003.jpg,corn
corn/00000250.jpg,corn
corn/00000187.jpg,corn
corn/00000306.jpg,corn
corn/00000033.jpg,corn
corn/00000261.jpg,corn
corn/00000237.jpg,corn
corn/00000036.jpg,corn
corn/00000054.jpg,corn
corn/00000259.jpg,corn
corn/00000263.jpg,corn
corn/00000317.jpg,corn
corn/00000022.jpg,corn
corn/00000125.jpg,corn
corn/00000198.jpg,corn
corn/00000178.jpg,corn
corn/00000008.jpg,corn
corn/00000111.jpg,corn
corn/00000114.jpg,corn
corn/00000058.jpg,corn
corn/00000072.jpg,corn
corn/00000173.jpg,corn
corn/00000013.jpg,corn
corn/00000035.jpg,corn
corn/00000296.jpg,corn
corn/00000281.jpg,corn
corn/00000062.jpg,corn
corn/00000289.jpg,corn
corn/00000292.jpg,corn
corn/00000224.jpg,corn
corn/00000122.jpg,corn
corn/00000009.jpg,corn
corn/00000110.jpg,corn
corn/00000171.jpg,corn
corn/00000283.jpg,corn
corn/00000169.jpg,corn
corn/00000290.jpg,corn
corn/00000100.jpg,corn
corn/00000092.jpg,corn
corn/00000046.jpg,corn
corn/00000037.jpg,corn
corn/00000206.jpg,corn
corn/00000232.jpg,corn
corn/00000048.jpg,corn
corn/00000078.jpg,corn
corn/00000316.jpg,corn
corn/00000137.jpg,corn
corn/00000118.jpg,corn
corn/00000264.jpg,corn
corn/00000190.jpg,corn
corn/00000142.jpg,corn
corn/00000143.jpg,corn
corn/00000069.jpg,corn
corn/00000246.jpg,corn
corn/00000174.jpg,corn
corn/00000185.jpg,corn
corn/00000192.jpg,corn
corn/00000255.jpg,corn
corn/00000006.jpg,corn
corn/00000113.jpg,corn
corn/00000102.jpg,corn
corn/00000231.jpg,corn
corn/00000193.jpg,corn
corn/00000226.jpg,corn
corn/00000071.jpg,corn
corn/00000086.jpg,corn
corn/00000112.jpg,corn
corn/00000042.jpg,corn
corn/00000166.jpg,corn
corn/00000000.jpg,corn
corn/00000309.jpg,corn
corn/00000029.jpg,corn
corn/00000207.jpg,corn
corn/00000219.jpg,corn
corn/00000124.jpg,corn
corn/00000248.jpg,corn
corn/00000312.jpg,corn
corn/00000238.jpg,corn
corn/00000314.jpg,corn
corn/00000010.jpg,corn
corn/00000199.jpg,corn
corn/00000299.jpg,corn
corn/00000083.jpg,corn
corn/00000247.jpg,corn
corn/00000278.jpg,corn
corn/00000131.jpg,corn
corn/00000108.jpg,corn
corn/00000191.jpg,corn
corn/00000310.jpg,corn
corn/00000026.jpg,corn
corn/00000197.jpg,corn
corn/00000099.jpg,corn
corn/00000195.jpg,corn
corn/00000170.jpg,corn
corn/00000282.jpg,corn
corn/00000032.jpg,corn
corn/00000121.jpg,corn
corn/00000130.jpg,corn
corn/00000138.jpg,corn
corn/00000061.jpg,corn
corn/00000012.jpg,corn
corn/00000077.jpg,corn
corn/00000044.jpg,corn
corn/00000162.jpg,corn
corn/00000150.jpg,corn
corn/00000073.jpg,corn
corn/00000139.jpg,corn
corn/00000227.jpg,corn
corn/00000204.jpg,corn
corn/00000095.jpg,corn
corn/00000074.jpg,corn
corn/00000229.jpg,corn
corn/00000254.jpg,corn
corn/00000252.jpg,corn
corn/00000189.jpg,corn
corn/00000024.jpg,corn
corn/00000175.jpg,corn
corn/00000047.jpg,corn
corn/00000019.jpg,corn
corn/00000120.jpg,corn
corn/00000221.jpg,corn
corn/00000007.jpg,corn
corn/00000076.jpg,corn
corn/00000149.jpg,corn
corn/00000084.jpg,corn
corn/00000115.jpg,corn
corn/00000057.jpg,corn
corn/00000107.jpg,corn
corn/00000002.jpg,corn
corn/00000030.jpg,corn
corn/00000018.jpg,corn
corn/00000106.jpg,corn
corn/00000215.jpg,corn
corn/00000146.jpg,corn
corn/00000064.jpg,corn
corn/00000285.jpg,corn
corn/00000059.jpg,corn
corn/00000233.jpg,corn
corn/00000262.jpg,corn
corn/00000311.jpg,corn
corn/00000038.jpg,corn
corn/00000040.jpg,corn
corn/00000179.jpg,corn
corn/00000109.jpg,corn
corn/00000127.jpg,corn
corn/00000203.jpg,corn
corn/00000152.jpg,corn
corn/00000297.jpg,corn
corn/00000068.jpg,corn
corn/00000145.jpg,corn
corn/00000101.jpg,corn
corn/00000274.jpg,corn
corn/00000286.jpg,corn
corn/00000141.jpg,corn
corn/00000158.jpg,corn
corn/00000020.jpg,corn
corn/00000052.jpg,corn
corn/00000091.jpg,corn
corn/00000165.jpg,corn
corn/00000208.jpg,corn
corn/00000275.jpg,corn
corn/00000315.jpg,corn
corn/00000034.jpg,corn
corn/00000005.jpg,corn
corn/00000228.jpg,corn
corn/00000098.jpg,corn
corn/00000209.jpg,corn
corn/00000201.jpg,corn
corn/00000116.jpg,corn
corn/00000164.jpg,corn
corn/00000234.jpg,corn
corn/00000257.jpg,corn
corn/00000243.jpg,corn
corn/00000258.jpg,corn
corn/00000200.jpg,corn
corn/00000080.jpg,corn
corn/00000280.jpg,corn
corn/00000320.jpg,corn
corn/00000183.jpg,corn
corn/00000041.jpg,corn
corn/00000129.jpg,corn
corn/00000222.jpg,corn
corn/00000244.jpg,corn
corn/00000236.jpg,corn
corn/00000117.jpg,corn
corn/00000053.jpg,corn
corn/00000213.jpg,corn
corn/00000051.jpg,corn
corn/00000212.jpg,corn
corn/00000066.jpg,corn
corn/00000196.jpg,corn
corn/00000245.jpg,corn
corn/00000014.jpg,corn
corn/00000301.jpg,corn
corn/00000081.jpg,corn
corn/00000023.jpg,corn
corn/00000027.jpg,corn
corn/00000045.jpg,corn
corn/00000067.jpg,corn
corn/00000291.jpg,corn
corn/00000060.jpg,corn
corn/00000180.jpg,corn
corn/00000093.jpg,corn
corn/00000011.jpg,corn
corn/00000167.jpg,corn
corn/00000055.jpg,corn
corn/00000128.jpg,corn
corn/00000016.jpg,corn
sunflower/00000225.jpg,sunflower
sunflower/00000132.jpg,sunflower
sunflower/00000160.jpg,sunflower
sunflower/00000268.jpg,sunflower
sunflower/00000186.jpg,sunflower
sunflower/00000298.jpg,sunflower
sunflower/00000049.jpg,sunflower
sunflower/00000269.jpg,sunflower
sunflower/00000043.jpg,sunflower
sunflower/00000313.jpg,sunflower
sunflower/00000075.jpg,sunflower
sunflower/00000159.jpg,sunflower
sunflower/00000184.jpg,sunflower
sunflower/00000001.jpg,sunflower
sunflower/00000050.jpg,sunflower
sunflower/00000220.jpg,sunflower
sunflower/00000211.jpg,sunflower
sunflower/00000097.jpg,sunflower
sunflower/00000266.jpg,sunflower
sunflower/00000303.jpg,sunflower
sunflower/00000293.jpg,sunflower
sunflower/00000105.jpg,sunflower
sunflower/00000176.jpg,sunflower
sunflower/00000249.jpg,sunflower
sunflower/00000089.jpg,sunflower
sunflower/00000284.jpg,sunflower
sunflower/00000103.jpg,sunflower
sunflower/00000223.jpg,sunflower
sunflower/00000147.jpg,sunflower
sunflower/00000028.jpg,sunflower
sunflower/00000161.jpg,sunflower
sunflower/00000133.jpg,sunflower
sunflower/00000157.jpg,sunflower
sunflower/00000031.jpg,sunflower
sunflower/00000271.jpg,sunflower
sunflower/00000276.jpg,sunflower
sunflower/00000153.jpg,sunflower
sunflower/00000151.jpg,sunflower
sunflower/00000172.jpg,sunflower
sunflower/00000304.jpg,sunflower
sunflower/00000136.jpg,sunflower
sunflower/00000148.jpg,sunflower
sunflower/00000144.jpg,sunflower
sunflower/00000154.jpg,sunflower
sunflower/00000155.jpg,sunflower
sunflower/00000177.jpg,sunflower
sunflower/00000134.jpg,sunflower
sunflower/00000004.jpg,sunflower
sunflower/00000272.jpg,sunflower
sunflower/00000025.jpg,sunflower
sunflower/00000182.jpg,sunflower
sunflower/00000039.jpg,sunflower
sunflower/00000218.jpg,sunflower
sunflower/00000090.jpg,sunflower
sunflower/00000265.jpg,sunflower
sunflower/00000015.jpg,sunflower
sunflower/00000253.jpg,sunflower
sunflower/00000003.jpg,sunflower
sunflower/00000096.jpg,sunflower
sunflower/00000250.jpg,sunflower
sunflower/00000088.jpg,sunflower
sunflower/00000187.jpg,sunflower
sunflower/00000230.jpg,sunflower
sunflower/00000306.jpg,sunflower
sunflower/00000033.jpg,sunflower
sunflower/00000251.jpg,sunflower
sunflower/00000261.jpg,sunflower
sunflower/00000237.jpg,sunflower
sunflower/00000036.jpg,sunflower
sunflower/00000054.jpg,sunflower
sunflower/00000235.jpg,sunflower
sunflower/00000317.jpg,sunflower
sunflower/00000125.jpg,sunflower
sunflower/00000240.jpg,sunflower
sunflower/00000198.jpg,sunflower
sunflower/00000178.jpg,sunflower
sunflower/00000008.jpg,sunflower
sunflower/00000111.jpg,sunflower
sunflower/00000114.jpg,sunflower
sunflower/00000305.jpg,sunflower
sunflower/00000058.jpg,sunflower
sunflower/00000072.jpg,sunflower
sunflower/00000173.jpg,sunflower
sunflower/00000013.jpg,sunflower
sunflower/00000035.jpg,sunflower
sunflower/00000260.jpg,sunflower
sunflower/00000281.jpg,sunflower
sunflower/00000062.jpg,sunflower
sunflower/00000289.jpg,sunflower
sunflower/00000292.jpg,sunflower
sunflower/00000224.jpg,sunflower
sunflower/00000122.jpg,sunflower
sunflower/00000009.jpg,sunflower
sunflower/00000110.jpg,sunflower
sunflower/00000210.jpg,sunflower
sunflower/00000171.jpg,sunflower
sunflower/00000283.jpg,sunflower
sunflower/00000169.jpg,sunflower
sunflower/00000290.jpg,sunflower
sunflower/00000318.jpg,sunflower
sunflower/00000100.jpg,sunflower
sunflower/00000092.jpg,sunflower
sunflower/00000046.jpg,sunflower
sunflower/00000037.jpg,sunflower
sunflower/00000206.jpg,sunflower
sunflower/00000168.jpg,sunflower
sunflower/00000048.jpg,sunflower
sunflower/00000078.jpg,sunflower
sunflower/00000316.jpg,sunflower
sunflower/00000137.jpg,sunflower
sunflower/00000118.jpg,sunflower
sunflower/00000264.jpg,sunflower
sunflower/00000142.jpg,sunflower
sunflower/00000246.jpg,sunflower
sunflower/00000174.jpg,sunflower
sunflower/00000192.jpg,sunflower
sunflower/00000006.jpg,sunflower
sunflower/00000113.jpg,sunflower
sunflower/00000102.jpg,sunflower
sunflower/00000226.jpg,sunflower
sunflower/00000071.jpg,sunflower
sunflower/00000086.jpg,sunflower
sunflower/00000112.jpg,sunflower
sunflower/00000042.jpg,sunflower
sunflower/00000166.jpg,sunflower
sunflower/00000070.jpg,sunflower
sunflower/00000000.jpg,sunflower
sunflower/00000309.jpg,sunflower
sunflower/00000029.jpg,sunflower
sunflower/00000207.jpg,sunflower
sunflower/00000219.jpg,sunflower
sunflower/00000270.jpg,sunflower
sunflower/00000239.jpg,sunflower
sunflower/00000312.jpg,sunflower
sunflower/00000216.jpg,sunflower
sunflower/00000314.jpg,sunflower
sunflower/00000010.jpg,sunflower
sunflower/00000299.jpg,sunflower
sunflower/00000083.jpg,sunflower
sunflower/00000277.jpg,sunflower
sunflower/00000278.jpg,sunflower
sunflower/00000131.jpg,sunflower
sunflower/00000108.jpg,sunflower
sunflower/00000063.jpg,sunflower
sunflower/00000085.jpg,sunflower
sunflower/00000310.jpg,sunflower
sunflower/00000026.jpg,sunflower
sunflower/00000197.jpg,sunflower
sunflower/00000099.jpg,sunflower
sunflower/00000195.jpg,sunflower
sunflower/00000170.jpg,sunflower
sunflower/00000282.jpg,sunflower
sunflower/00000163.jpg,sunflower
sunflower/00000032.jpg,sunflower
sunflower/00000121.jpg,sunflower
sunflower/00000130.jpg,sunflower
sunflower/00000138.jpg,sunflower
sunflower/00000061.jpg,sunflower
sunflower/00000012.jpg,sunflower
sunflower/00000077.jpg,sunflower
sunflower/00000044.jpg,sunflower
sunflower/00000150.jpg,sunflower
sunflower/00000073.jpg,sunflower
sunflower/00000139.jpg,sunflower
sunflower/00000227.jpg,sunflower
sunflower/00000095.jpg,sunflower
sunflower/00000074.jpg,sunflower
sunflower/00000229.jpg,sunflower
sunflower/00000252.jpg,sunflower
sunflower/00000256.jpg,sunflower
sunflower/00000202.jpg,sunflower
sunflower/00000024.jpg,sunflower
sunflower/00000123.jpg,sunflower
sunflower/00000217.jpg,sunflower
sunflower/00000047.jpg,sunflower
sunflower/00000065.jpg,sunflower
sunflower/00000156.jpg,sunflower
sunflower/00000019.jpg,sunflower
sunflower/00000120.jpg,sunflower
sunflower/00000221.jpg,sunflower
sunflower/00000007.jpg,sunflower
sunflower/00000076.jpg,sunflower
sunflower/00000084.jpg,sunflower
sunflower/00000087.jpg,sunflower
sunflower/00000115.jpg,sunflower
sunflower/00000107.jpg,sunflower
sunflower/00000002.jpg,sunflower
sunflower/00000030.jpg,sunflower
sunflower/00000018.jpg,sunflower
sunflower/00000106.jpg,sunflower
sunflower/00000215.jpg,sunflower
sunflower/00000146.jpg,sunflower
sunflower/00000064.jpg,sunflower
sunflower/00000285.jpg,sunflower
sunflower/00000059.jpg,sunflower
sunflower/00000233.jpg,sunflower
sunflower/00000311.jpg,sunflower
sunflower/00000038.jpg,sunflower
sunflower/00000308.jpg,sunflower
sunflower/00000179.jpg,sunflower
sunflower/00000109.jpg,sunflower
sunflower/00000127.jpg,sunflower
sunflower/00000203.jpg,sunflower
sunflower/00000152.jpg,sunflower
sunflower/00000297.jpg,sunflower
sunflower/00000068.jpg,sunflower
sunflower/00000101.jpg,sunflower
sunflower/00000274.jpg,sunflower
sunflower/00000286.jpg,sunflower
sunflower/00000158.jpg,sunflower
sunflower/00000020.jpg,sunflower
sunflower/00000052.jpg,sunflower
sunflower/00000091.jpg,sunflower
sunflower/00000165.jpg,sunflower
sunflower/00000208.jpg,sunflower
sunflower/00000275.jpg,sunflower
sunflower/00000315.jpg,sunflower
sunflower/00000034.jpg,sunflower
sunflower/00000005.jpg,sunflower
sunflower/00000056.jpg,sunflower
sunflower/00000228.jpg,sunflower
sunflower/00000098.jpg,sunflower
sunflower/00000209.jpg,sunflower
sunflower/00000201.jpg,sunflower
sunflower/00000116.jpg,sunflower
sunflower/00000164.jpg,sunflower
sunflower/00000242.jpg,sunflower
sunflower/00000082.jpg,sunflower
sunflower/00000288.jpg,sunflower
sunflower/00000234.jpg,sunflower
sunflower/00000257.jpg,sunflower
sunflower/00000243.jpg,sunflower
sunflower/00000258.jpg,sunflower
sunflower/00000194.jpg,sunflower
sunflower/00000200.jpg,sunflower
sunflower/00000267.jpg,sunflower
sunflower/00000080.jpg,sunflower
sunflower/00000280.jpg,sunflower
sunflower/00000094.jpg,sunflower
sunflower/00000183.jpg,sunflower
sunflower/00000279.jpg,sunflower
sunflower/00000041.jpg,sunflower
sunflower/00000129.jpg,sunflower
sunflower/00000222.jpg,sunflower
sunflower/00000244.jpg,sunflower
sunflower/00000017.jpg,sunflower
sunflower/00000236.jpg,sunflower
sunflower/00000117.jpg,sunflower
sunflower/00000053.jpg,sunflower
sunflower/00000213.jpg,sunflower
sunflower/00000051.jpg,sunflower
sunflower/00000212.jpg,sunflower
sunflower/00000066.jpg,sunflower
sunflower/00000196.jpg,sunflower
sunflower/00000245.jpg,sunflower
sunflower/00000014.jpg,sunflower
sunflower/00000301.jpg,sunflower
sunflower/00000081.jpg,sunflower
sunflower/00000023.jpg,sunflower
sunflower/00000027.jpg,sunflower
sunflower/00000045.jpg,sunflower
sunflower/00000067.jpg,sunflower
sunflower/00000291.jpg,sunflower
sunflower/00000060.jpg,sunflower
sunflower/00000093.jpg,sunflower
sunflower/00000319.jpg,sunflower
sunflower/00000011.jpg,sunflower
sunflower/00000167.jpg,sunflower
sunflower/00000079.jpg,sunflower
sunflower/00000128.jpg,sunflower
sunflower/00000016.jpg,sunflower
